{
  "model_type": "transformer",
  "timestamp": "20260129_153851",
  "best_epoch": 1,
  "best_val_auc": 0.6330854792660032,
  "best_val_auprc": 0.12324807260962072,
  "best_val_f1": 0.2188365650969529,
  "test_auc": 0.6555906054422376,
  "test_auprc": 0.15038287845276363,
  "test_f1": 0.2347560975609756,
  "test_f1_best": 0.2347560975609756,
  "test_f1_05": 0.0,
  "test_best_thr": 0.4716756343841553,
  "test_accuracy": 0.9056639159789948,
  "test_accuracy_05": 0.9367966991747937,
  "checkpoint_dir": "experiments/MIMICIV/icu_mortality/checkpoints/transformer_20260129_153851",
  "num_parameters": 3951617,
  "config": {
    "d_model": 256,
    "nhead": 8,
    "num_layers": 3
  }
}